method;seed;fold;accuracy;final_epoch_accuracy;f1_score;final_epoch_f1
mvst_cva;7;1;1,0000;0,9583;1,0000;0,9580
mvst_cva;7;2;0,7500;0,5833;0,6945;0,4792
mvst_cva;7;3;0,8750;0,7917;0,8741;0,7778
mvst_cva;7;4;1,0000;0,9583;1,0000;0,9580
mvst_cva;42;1;0,9583;0,9583;0,9580;0,9580
mvst_cva;42;2;0,7083;0,5417;0,6690;0,4146
mvst_cva;42;3;0,9583;0,7917;0,9580;0,7778
mvst_cva;42;4;1,0000;1,0000;1,0000;1,0000
mvst_cva;123;1;1,0000;1,0000;1,0000;1,0000
mvst_cva;123;2;0,7500;0,7083;0,6500;0,6148
mvst_cva;123;3;0,9583;0,7500;0,9580;0,6667
mvst_cva;123;4;1,0000;1,0000;1,0000;1,0000
mvst_cva;777;1;0,9583;0,9583;0,9580;0,9580
mvst_cva;777;2;0,7500;0,7083;0,6518;0,6148
mvst_cva;777;3;0,9167;0,7083;0,9164;0,6793
mvst_cva;777;4;1,0000;1,0000;1,0000;1,0000
mvst_cva;2024;1;1,0000;0,9583;1,0000;0,9580
mvst_cva;2024;2;0,7083;0,6667;0,6247;0,5810
mvst_cva;2024;3;0,9583;0,7500;0,9580;0,6667
mvst_cva;2024;4;1,0000;0,9167;1,0000;0,9143
mvst_concat;7;1;0,9583;0,9167;0,9580;0,9143
mvst_concat;7;2;0,5833;0,5417;0,4792;0,4146
mvst_concat;7;3;0,9583;0,7917;0,9580;0,7778
mvst_concat;7;4;0,8333;0,7083;0,8125;0,6310
mvst_concat;42;1;0,9583;0,9167;0,9580;0,9143
mvst_concat;42;2;0,5417;0,5417;0,4649;0,4146
mvst_concat;42;3;0,9167;0,7083;0,9167;0,6471
mvst_concat;42;4;1,0000;0,9583;1,0000;0,9580
mvst_concat;123;1;0,9583;0,9583;0,9580;0,9580
mvst_concat;123;2;0,6667;0,5417;0,5810;0,4146
mvst_concat;123;3;0,9583;0,8333;0,9580;0,8286
mvst_concat;123;4;1,0000;0,9583;1,0000;0,9580
mvst_concat;777;1;0,9583;0,9583;0,9580;0,9580
mvst_concat;777;2;0,8333;0,5833;0,8269;0,4792
mvst_concat;777;3;0,9583;0,8333;0,9580;0,8286
mvst_concat;777;4;1,0000;0,7500;1,0000;0,7054
mvst_concat;2024;1;0,9583;0,9583;0,9580;0,9580
mvst_concat;2024;2;0,5833;0,5833;0,4792;0,4792
mvst_concat;2024;3;0,9167;0,7500;0,9167;0,7188
mvst_concat;2024;4;1,0000;0,9167;1,0000;0,9143
ctrgcn;7;1;1,0000;1,0000;1,0000;1,0000
ctrgcn;7;2;0,7500;0,5000;0,6667;0,3333
ctrgcn;7;3;1,0000;0,9167;1,0000;0,9164
ctrgcn;7;4;0,8333;0,6667;0,8058;0,6434
ctrgcn;42;1;1,0000;1,0000;1,0000;1,0000
ctrgcn;42;2;0,7500;0,7500;0,6667;0,6667
ctrgcn;42;3;1,0000;0,9583;1,0000;0,9580
ctrgcn;42;4;0,7917;0,7083;0,7724;0,6967
ctrgcn;123;1;1,0000;1,0000;1,0000;1,0000
ctrgcn;123;2;0,7500;0,7083;0,6667;0,6247
ctrgcn;123;3;1,0000;0,9583;1,0000;0,9580
ctrgcn;123;4;0,8333;0,7917;0,8058;0,7705
ctrgcn;777;1;1,0000;1,0000;1,0000;1,0000
ctrgcn;777;2;0,6667;0,5000;0,5810;0,3333
ctrgcn;777;3;1,0000;0,9583;1,0000;0,9580
ctrgcn;777;4;0,8333;0,5417;0,8058;0,4386
ctrgcn;2024;1;1,0000;1,0000;1,0000;1,0000
ctrgcn;2024;2;0,7500;0,7500;0,6667;0,6667
ctrgcn;2024;3;0,9583;0,9167;0,9580;0,9167
ctrgcn;2024;4;0,7500;0,6667;0,7346;0,6550
sa_tdgformer;7;1;0,9583;0,9583;0,9580;0,9580
sa_tdgformer;7;2;0,6250;0,5417;0,5408;0,4146
sa_tdgformer;7;3;0,8750;0,8333;0,8741;0,8286
sa_tdgformer;7;4;1,0000;0,7500;1,0000;0,7500
sa_tdgformer;42;1;1,0000;1,0000;1,0000;1,0000
sa_tdgformer;42;2;0,7083;0,5833;0,6352;0,4792
sa_tdgformer;42;3;0,8750;0,7500;0,8667;0,7429
sa_tdgformer;42;4;1,0000;1,0000;1,0000;1,0000
sa_tdgformer;123;1;1,0000;0,8333;1,0000;0,8125
sa_tdgformer;123;2;0,5833;0,5417;0,4792;0,4146
sa_tdgformer;123;3;1,0000;0,7917;1,0000;0,7778
sa_tdgformer;123;4;1,0000;0,9583;1,0000;0,9580
sa_tdgformer;777;1;1,0000;0,9583;1,0000;0,9580
sa_tdgformer;777;2;0,6250;0,5833;0,5408;0,4792
sa_tdgformer;777;3;0,9167;0,7083;0,9167;0,7063
sa_tdgformer;777;4;1,0000;1,0000;1,0000;1,0000
sa_tdgformer;2024;1;1,0000;0,9583;1,0000;0,9580
sa_tdgformer;2024;2;0,5833;0,5417;0,4792;0,4146
sa_tdgformer;2024;3;0,9583;0,6667;0,9580;0,6667
sa_tdgformer;2024;4;1,0000;0,9167;1,0000;0,9143
stgcn;7;1;1,0000;0,7917;1,0000;0,7479
stgcn;7;2;0,5417;0,5000;0,4204;0,3500
stgcn;7;3;0,7500;0,6667;0,7375;0,6167
stgcn;7;4;1,0000;1,0000;1,0000;1,0000
stgcn;42;1;0,9583;0,9167;0,9580;0,9143
stgcn;42;2;0,5000;0,4167;0,4014;0,2750
stgcn;42;3;0,8333;0,7500;0,8125;0,6667
stgcn;42;4;0,9583;0,9583;0,9580;0,9580
stgcn;123;1;0,9583;0,7917;0,9580;0,7479
stgcn;123;2;0,3750;0,2917;0,2945;0,1762
stgcn;123;3;0,5833;0,5000;0,5417;0,4167
stgcn;123;4;0,9583;0,9583;0,9580;0,9580
stgcn;777;1;1,0000;0,8750;1,0000;0,8667
stgcn;777;2;0,6667;0,4583;0,5750;0,3542
stgcn;777;3;0,7917;0,7500;0,7479;0,6667
stgcn;777;4;0,9583;0,9167;0,9580;0,9167
stgcn;2024;1;1,0000;1,0000;1,0000;1,0000
stgcn;2024;2;0,5000;0,4167;0,3344;0,3204
stgcn;2024;3;0,7083;0,5000;0,6439;0,4167
stgcn;2024;4;1,0000;0,9583;1,0000;0,9580
skateformer;7;1;0,9167;0,7500;0,9167;0,7268
skateformer;7;2;0,5000;0,4167;0,3333;0,2843
skateformer;7;3;0,7917;0,7500;0,7778;0,6667
skateformer;7;4;1,0000;0,9583;1,0000;0,9580
skateformer;42;1;0,9583;0,6250;0,9580;0,5604
skateformer;42;2;0,7500;0,4583;0,6572;0,3137
skateformer;42;3;0,7917;0,7917;0,7479;0,7479
skateformer;42;4;1,0000;1,0000;1,0000;1,0000
skateformer;123;1;0,8750;0,7500;0,8741;0,7268
skateformer;123;2;0,5000;0,3750;0,3750;0,2429
skateformer;123;3;0,7917;0,7917;0,7479;0,7479
skateformer;123;4;1,0000;1,0000;1,0000;1,0000
skateformer;777;1;0,9167;0,6250;0,9167;0,5604
skateformer;777;2;0,5000;0,4583;0,3612;0,3250
skateformer;777;3;0,7917;0,5833;0,7724;0,5917
skateformer;777;4;1,0000;0,9583;1,0000;0,9580
skateformer;2024;1;0,9583;0,7500;0,9580;0,7268
skateformer;2024;2;0,4583;0,4167;0,4028;0,2829
skateformer;2024;3;0,7917;0,7500;0,7479;0,7188
skateformer;2024;4;1,0000;1,0000;1,0000;1,0000
sa_gnet;7;1;1,0000;1,0000;1,0000;1,0000
sa_gnet;7;2;0,6667;0,5417;0,5810;0,4146
sa_gnet;7;3;0,9583;0,7917;0,9580;0,7787
sa_gnet;7;4;0,8750;0,8333;0,8667;0,8125
sa_gnet;42;1;1,0000;1,0000;1,0000;1,0000
sa_gnet;42;2;0,7500;0,7083;0,6667;0,6247
sa_gnet;42;3;0,7917;0,6667;0,7787;0,6000
sa_gnet;42;4;0,8333;0,7083;0,8286;0,7063
sa_gnet;123;1;1,0000;0,9167;1,0000;0,9143
sa_gnet;123;2;0,7083;0,6250;0,6247;0,5333
sa_gnet;123;3;1,0000;0,9583;1,0000;0,9580
sa_gnet;123;4;0,8750;0,7917;0,8741;0,7724
sa_gnet;777;1;1,0000;1,0000;1,0000;1,0000
sa_gnet;777;2;0,6667;0,5000;0,5810;0,3333
sa_gnet;777;3;1,0000;0,9167;1,0000;0,9188
sa_gnet;777;4;0,7500;0,6667;0,7346;0,6550
sa_gnet;2024;1;1,0000;1,0000;1,0000;1,0000
sa_gnet;2024;2;0,6250;0,5417;0,5333;0,4146
sa_gnet;2024;3;1,0000;0,9167;1,0000;0,9143
sa_gnet;2024;4;0,9167;0,7500;0,9164;0,7084
sa_tnet;7;1;0,9583;0,9583;0,9580;0,9580
sa_tnet;7;2;0,6250;0,5417;0,5354;0,4146
sa_tnet;7;3;0,8333;0,7500;0,8333;0,7483
sa_tnet;7;4;1,0000;0,7500;1,0000;0,7429
sa_tnet;42;1;1,0000;1,0000;1,0000;1,0000
sa_tnet;42;2;0,6250;0,5417;0,5600;0,4146
sa_tnet;42;3;0,8333;0,7083;0,8333;0,7063
sa_tnet;42;4;1,0000;1,0000;1,0000;1,0000
sa_tnet;123;1;1,0000;0,7500;1,0000;0,6667
sa_tnet;123;2;0,6667;0,5417;0,5810;0,4146
sa_tnet;123;3;0,9167;0,7917;0,9167;0,7778
sa_tnet;123;4;1,0000;1,0000;1,0000;1,0000
sa_tnet;777;1;1,0000;0,9583;1,0000;0,9580
sa_tnet;777;2;0,5833;0,5833;0,5340;0,4792
sa_tnet;777;3;0,8333;0,6250;0,8333;0,6224
sa_tnet;777;4;1,0000;1,0000;1,0000;1,0000
sa_tnet;2024;1;0,9583;0,9583;0,9580;0,9580
sa_tnet;2024;2;0,5417;0,5000;0,4154;0,3854
sa_tnet;2024;3;0,8750;0,6250;0,8741;0,6224
sa_tnet;2024;4;1,0000;0,8750;1,0000;0,8617